path,sha256,bytes
experiment_outputs/BC_edge_resolution_geometry_v1/exact_attractor_continuation.csv,d333ad285f3f0599561f40718bbe6f1c3f1c615cf26682dd64e4c159745665b0,2581
experiment_outputs/BC_edge_resolution_geometry_v1/matched_edge_branch_outcomes.csv,4d1716678e7b0c5b3f4ab95eb389470162ce822fe8d83f6045830aac1418cace,1520
experiment_outputs/ml_BC_acquisition_qD_primary_evaluation_v1/qD_primary_ablation_comparisons.csv,1d4281c9370269c86dca1c57a5e33759861423debc969a5ce216cc32011363f7,354
experiment_outputs/ml_BC_acquisition_qD_primary_evaluation_v1/qD_primary_method_summary.csv,92ef7366339d84621a3b854d890ab1c98169db9cee23323027480839c79f0569,4582
experiment_outputs/ml_BC_acquisition_qD_primary_evaluation_v1/qD_primary_replicate_metrics.csv,b78c54d45280a92f6c1bfe9064992e03eb82fb671dec6cf7a447e617858ab428,137360
experiment_outputs/ml_BC_matched_dynamical_benchmark_v1/conditional_edge_recovery_cases.csv,e8501ffb95f90b7dc7db9088b2623f1bb56315681703c9fece207097bbdca3a6,21423
experiment_outputs/ml_BC_pointwise_orientation_ablation_v1/pointwise_orientation_ablation_summary.json,0d73a439b19e8c891a72522f3d2fb203243782266783fc083056b5c09519f149,2007
experiment_outputs/ml_BC_transfer_evaluation_v1/transfer_method_summary.csv,aee508f95f6b05f2c80ce20e0241b6c12ff26d8f2c95bddb7f4ca7acfd1f1276,267
experiment_outputs/ml_heldout_CBA_evaluation_v1/all_adaptive_labels.csv,338aacee22d3abd1c796e9145bb9e94ffbd81941f21a55fa301ab23c8bedb3bd,2393
experiment_outputs/ml_heldout_CBA_stage_summary_v1/heldout_stage_summary.json,765f0a5d4c15a38bb216dd2dfa4f2a34362598aabd29bede59127c9cbb506ae7,1731
experiment_outputs/periodic_edge_orbit_resolution_continuation_v1/resolution_continuation_summary.csv,d7b3190c82442ff833c74921f7c0ea8cc450fa5885bfcb17ab1664e55ce757ea,1615
experiment_outputs/recurrent_class_local_stability_dense_v1/dense_local_stability_summary.csv,04e5ac8481635b02100b716e54039b1a11d6ac25b1e1b0bac665679c7058bce0,2237
experiment_outputs/recurrent_class_validation_v1/numerical_validation_summary.csv,438f438a767c96b9b5ce503bf1adcb41518328d653bed02a6fe3f896ecc5ae0e,2537
experiment_outputs/robustness_reference_v2/progress_summary.csv,5d48e71a385ada819df8cb75e89aae7c42a99b8119494709c7b1130205dcb4b1,2912
experiment_outputs/stage2_landing_geometry_v2/landing_aware_pod_reconstruction_summary.csv,a68ee37bb7c540f5191f45d1358999b64fd2cb5c22afabbcfac261cd839a8367,271
experiment_outputs/stage2_landing_geometry_v2/landing_state_manifest.csv,e0296b95b3ad7b28fed0aeddb2689349954eaeba325e772937e58839c93dbe8e,13811
experiment_outputs/stage2_landing_geometry_v2/phase_section_diagnostics.csv,e98024e393559f36cae58561ed9dd568a7efa1bf16ff14435363bbdf62b07af1,1332
experiment_outputs/stage2_landing_geometry_v2/pod_explained_variance.csv,a90e1fd8e09835d3a36e6607d64dec8c676de0e59833bf0abb53d24bc109017f,833
